Date,Parcipitation,Snowfall,Date,Max Temp,Min Temp,Avg Temp,Avg Temp Drop,HDD,CDD,Percipitation,Snow Fall,Snow Depth
2025-05-01,0,0,2025-05-01,56,35,45.5,-5.1,19,0,0,0,0
2025-05-02,0.27,M,2025-05-02,76,44,60,9,5,0,0.24,0,0
2025-05-03,0.1,M,2025-05-03,74,47,60.5,9.1,4,0,0.2,0,0
2025-05-04,0.47,M,2025-05-04,49,45,47,-4.8,18,0,0.38,0,0
2025-05-05,0.2,M,2025-05-05,56,45,50.5,-1.6,14,0,0.16,0,0
2025-05-06,0.19,M,2025-05-06,70,56,63,10.5,2,0,0.13,0,0
2025-05-07,1.19,M,2025-05-07,72,50,61,8.2,4,0,1.55,0,0
2025-05-08,0.08,M,2025-05-08,68,43,55.5,2.3,9,0,0.05,0,0
2025-05-09,0.04,M,2025-05-09,47,40,43.5,-10,21,0,0.03,0,0
2025-05-10,0.26,M,2025-05-10,44,39,41.5,-12.4,23,0,0.22,0,0
2025-05-11,0,0,2025-05-11,68,38,53,-1.2,12,0,0,0,0
2025-05-12,0,0,2025-05-12,59,35,47,-7.5,18,0,0,0,0
2025-05-13,0,0,2025-05-13,82,52,67,12.2,0,2,0,0,0
2025-05-14,0.08,M,2025-05-14,70,59,64.5,9.3,0,0,0.08,0,0
2025-05-15,0.04,M,2025-05-15,65,58,61.5,6,3,0,0.02,0,0
2025-05-16,0.01,M,2025-05-16,75,60,67.5,11.7,0,3,0.01,0,0
2025-05-17,0.41,M,2025-05-17,81,59,70,13.9,0,5,0.07,0,0
2025-05-18,0.43,M,2025-05-18,76,54,65,8.6,0,0,0.27,0,0
2025-05-19,0.15,M,2025-05-19,58,45,51.5,-5.2,13,0,0.29,0,0
2025-05-20,0,0,2025-05-20,52,37,44.5,-12.5,20,0,0,0,0
2025-05-21,0,0,2025-05-21,57,35,46,-11.3,19,0,0,0,0
2025-05-22,0.57,M,2025-05-22,51,44,47.5,-10.1,17,0,0.6,0,0
2025-05-23,0.15,M,2025-05-23,53,46,49.5,-8.4,15,0,0.12,0,0
2025-05-24,0.42,M,2025-05-24,55,45,50,-8.2,15,0,0.28,0,0
2025-05-25,0.51,M,2025-05-25,52,45,48.5,-10,16,0,0.43,0,0
2025-05-26,0.07,M,2025-05-26,59,38,48.5,-10.3,16,0,0.11,0,0
2025-05-27,0,0,2025-05-27,68,40,54,-5,11,0,0,0,0
2025-05-28,0,0,2025-05-28,71,46,58.5,-0.8,6,0,0,0,0
2025-05-29,0.49,M,2025-05-29,62,52,57,-2.6,8,0,0.52,0,0
2025-05-30,0.01,M,2025-05-30,71,49,60,0.1,5,0,0.02,0,0
2025-05-31,0.08,M,2025-05-31,74,53,63.5,3.3,1,0,0.11,0,0
2025-06-01,0.25,M,2025-06-01,54,45,49.5,-11,15,0,0.17,0,0
2025-06-02,0.07,M,2025-06-02,57,42,49.5,-11.3,15,0,0.04,0,0
2025-06-03,0,0,2025-06-03,69,41,55,-6.1,10,0,0,0,0
2025-06-04,0,0,2025-06-04,79,48,63.5,2.1,1,0,0,0,0
2025-06-05,0,0,2025-06-05,88,64,76,14.3,0,11,0,0,0
2025-06-06,0.52,M,2025-06-06,86,61,73.5,11.5,0,9,1.22,0,0
2025-06-07,1.04,M,2025-06-07,72,59,65.5,3.2,0,1,1.09,0,0
2025-06-08,0.1,M,2025-06-08,76,48,62,-0.6,3,0,0.05,0,0
2025-06-09,0.09,M,2025-06-09,76,51,63.5,0.6,1,0,0.09,0,0
2025-06-10,1.12,M,2025-06-10,78,61,69.5,6.3,0,5,1,0,0
2025-06-11,0.16,M,2025-06-11,74,50,62,-1.5,3,0,0.06,0,0
2025-06-12,0,0,2025-06-12,80,61,70.5,6.7,0,6,0,0,0
2025-06-13,0.05,M,2025-06-13,74,50,62,-2,3,0,0.04,0,0
2025-06-14,0.01,M,2025-06-14,74,53,63.5,-0.8,1,0,0,0,0
2025-06-15,0,0,2025-06-15,64,57,60.5,-4.1,4,0,0,0,0
2025-06-16,0,0,2025-06-16,68,56,62,-2.9,3,0,0,0,0
2025-06-17,0.01,M,2025-06-17,68,61,64.5,-0.6,0,0,0.05,0,0
2025-06-18,0,0,2025-06-18,74,63,68.5,3.1,0,4,T,0,0
2025-06-19,0.26,M,2025-06-19,84,65,74.5,8.9,0,10,1.94,0,0
2025-06-20,0.42,M,2025-06-20,84,59,71.5,5.6,0,7,0.24,0,0
2025-06-21,0,0,2025-06-21,76,57,66.5,0.4,0,2,0,0,0
2025-06-22,0,0,2025-06-22,85,61,73,6.6,0,8,0,0,0
2025-06-23,0.43,M,2025-06-23,88,68,78,11.4,0,13,0.27,0,0
2025-06-24,0,0,2025-06-24,93,65,79,12.2,0,14,0,0,0
2025-06-25,0,0,2025-06-25,93,67,80,13,0,15,0,0,0
2025-06-26,0,0,2025-06-26,86,64,75,7.8,0,10,0,0,0
2025-06-27,0.03,M,2025-06-27,74,59,66.5,-0.9,0,2,0.02,0,0
2025-06-28,0.01,M,2025-06-28,69,59,64,-3.6,1,0,0,0,0
2025-06-29,0.05,M,2025-06-29,84,58,71,3.2,0,6,T,0,0
2025-06-30,0,0,2025-06-30,78,56,67,-0.9,0,2,0,0,0
2025-07-01,0.14,M,2025-07-01,86,63,74.5,6.4,0,10,0.15,0,0
2025-07-02,T,M,2025-07-02,84,58,71,2.8,0,6,0.01,0,0
2025-07-03,0,0,2025-07-03,82,57,69.5,1.2,0,5,0,0,0
2025-07-04,0.46,M,2025-07-04,77,50,63.5,-5,1,0,0.37,0,0
2025-07-05,0,0,2025-07-05,74,51,62.5,-6.1,2,0,0,0,0
2025-07-06,0,0,2025-07-06,87,53,70,1.3,0,5,0,0,0
2025-07-07,0,0,2025-07-07,89,69,79,10.2,0,14,0,0,0
2025-07-08,0.23,M,2025-07-08,90,67,78.5,9.7,0,14,0.41,0,0
2025-07-09,T,M,2025-07-09,78,61,69.5,0.6,0,5,0,0,0
2025-07-10,0,0,2025-07-10,80,59,69.5,0.5,0,5,0,0,0
2025-07-11,T,M,2025-07-11,83,61,72,3,0,7,0.01,0,0
2025-07-12,0.03,M,2025-07-12,87,64,75.5,6.4,0,11,0.02,0,0
2025-07-13,0,0,2025-07-13,90,72,81,11.9,0,16,0,0,0
2025-07-14,0.77,M,2025-07-14,86,68,77,7.9,0,12,0.62,0,0
2025-07-15,T,M,2025-07-15,84,64,74,4.9,0,9,0,0,0
2025-07-16,0,0,2025-07-16,87,62,74.5,5.3,0,10,0,0,0
2025-07-17,0.05,M,2025-07-17,88,70,79,9.8,0,14,0.05,0,0
2025-07-18,0.01,M,2025-07-18,86,57,71.5,2.3,0,7,0.01,0,0
2025-07-19,0,0,2025-07-19,73,49,61,-8.2,4,0,0,0,0
2025-07-20,0,0,2025-07-20,83,53,68,-1.2,0,3,0,0,0
2025-07-21,0.22,M,2025-07-21,81,58,69.5,0.4,0,5,0.26,0,0
2025-07-22,0,0,2025-07-22,71,45,58,-11.1,7,0,0,0,0
2025-07-23,0,0,2025-07-23,76,47,61.5,-7.6,3,0,0,0,0
2025-07-24,0,0,2025-07-24,84,53,68.5,-0.6,0,4,0,0,0
2025-07-25,0,0,2025-07-25,91,69,80,11,0,15,0,0,0
2025-07-26,0.68,M,2025-07-26,82,60,71,2,0,6,0.76,0,0
2025-07-27,0.26,M,2025-07-27,84,64,74,5,0,9,0.21,0,0
2025-07-28,0.05,M,2025-07-28,85,64,74.5,5.6,0,10,0.03,0,0
2025-07-29,0,0,2025-07-29,89,65,77,8.1,0,12,0,0,0
2025-07-30,0,0,2025-07-30,88,60,74,5.2,0,9,0,0,0
2025-07-31,0.13,M,2025-07-31,88,62,75,6.2,0,10,0.17,0,0
2025-08-01,0.42,M,2025-08-01,63,52,57.5,-11.2,7,0,0.37,0,0
2025-08-02,0,0,2025-08-02,73,44,58.5,-10.2,6,0,0,0,0
2025-08-03,0,0,2025-08-03,74,47,60.5,-8.1,4,0,0,0,0
2025-08-04,0,0,2025-08-04,80,49,64.5,-4.1,0,0,0,0,0
2025-08-05,0,0,2025-08-05,80,53,66.5,-2,0,2,0,0,0
2025-08-06,0,0,2025-08-06,84,57,70.5,2,0,6,0,0,0
2025-08-07,0,0,2025-08-07,79,57,68,-0.4,0,3,0,0,0
2025-08-08,0,0,2025-08-08,81,60,70.5,2.2,0,6,0,0,0
2025-08-09,0,0,2025-08-09,82,57,69.5,1.2,0,5,0,0,0
2025-08-10,0,0,2025-08-10,85,57,71,2.8,0,6,0,0,0
2025-08-11,0,0,2025-08-11,87,56,71.5,3.4,0,7,0,0,0
2025-08-12,0,0,2025-08-12,88,63,75.5,7.5,0,11,0,0,0
2025-08-13,0,0,2025-08-13,92,70,81,13.1,0,16,0,0,0
2025-08-14,0.03,M,2025-08-14,84,61,72.5,4.7,0,8,0.02,0,0
2025-08-15,0,0,2025-08-15,85,53,69,1.3,0,4,0,0,0
2025-08-16,0,0,2025-08-16,86,56,71,3.4,0,6,0,0,0
2025-08-17,0,0,2025-08-17,89,60,74.5,7,0,10,0,0,0
2025-08-18,T,M,2025-08-18,82,50,66,-1.4,0,1,T,0,0
2025-08-19,0,0,2025-08-19,75,46,60.5,-6.8,4,0,0,0,0
2025-08-20,0.68,M,2025-08-20,79,58,68.5,1.3,0,4,0.7,0,0
2025-08-21,0.23,M,2025-08-21,65,57,61,-6,4,0,0.19,0,0
2025-08-22,0,0,2025-08-22,70,49,59.5,-7.4,5,0,T,0,0
2025-08-23,0,0,2025-08-23,78,54,66,-0.7,0,1,0,0,0
2025-08-24,0,0,2025-08-24,81,61,71,4.4,0,6,T,0,0
2025-08-25,0.58,M,2025-08-25,80,56,68,1.6,0,3,0.65,0,0
2025-08-26,0.01,M,2025-08-26,73,47,60,-6.2,5,0,0.02,0,0
2025-08-27,0.09,M,2025-08-27,70,48,59,-7,6,0,0.07,0,0
2025-08-28,0.05,M,2025-08-28,67,46,56.5,-9.3,8,0,0.26,0,0
2025-08-29,0.21,M,2025-08-29,73,50,61.5,-4.1,3,0,0.17,0,0
2025-08-30,0,0,2025-08-30,63,44,53.5,-11.9,11,0,0,0,0
2025-08-31,0,0,2025-08-31,66,40,53,-12.2,12,0,0,0,0
2025-09-01,0,0,2025-09-01,73,41,57,-7.9,8,0,0,0,0
2025-09-02,0,0,2025-09-02,76,45,60.5,-4.2,4,0,0,0,0
2025-09-03,0,0,2025-09-03,76,46,61,-3.4,4,0,0,0,0
2025-09-04,0,0,2025-09-04,78,55,66.5,2.4,0,2,0,0,0
2025-09-05,0.58,M,2025-09-05,78,52,65,1.1,0,0,0.67,0,0
2025-09-06,0.01,M,2025-09-06,77,54,65.5,1.9,0,1,T,0,0
2025-09-07,0.2,M,2025-09-07,63,50,56.5,-6.8,8,0,0.17,0,0
2025-09-08,0,0,2025-09-08,65,38,51.5,-11.5,13,0,0,0,0
2025-09-09,0,0,2025-09-09,65,35,50,-12.6,15,0,0,0,0
2025-09-10,0,0,2025-09-10,71,42,56.5,-5.8,8,0,0,0,0
2025-09-11,0,0,2025-09-11,74,39,56.5,-5.5,8,0,0,0,0
2025-09-12,0,0,2025-09-12,74,45,59.5,-2.1,5,0,0,0,0
2025-09-13,0,0,2025-09-13,76,46,61,-0.3,4,0,0,0,0
2025-09-14,0,0,2025-09-14,73,47,60,-0.9,5,0,0,0,0
2025-09-15,0,0,2025-09-15,77,46,61.5,0.9,3,0,0,0,0
2025-09-16,0,0,2025-09-16,78,46,62,1.8,3,0,0,0,0
2025-09-17,0,0,2025-09-17,80,48,64,4.2,1,0,0,0,0
2025-09-18,0,0,2025-09-18,76,44,60,0.5,5,0,0,0,0
2025-09-19,0,0,2025-09-19,79,45,62,2.9,3,0,0,0,0
2025-09-20,0,0,2025-09-20,70,36,53,-5.7,12,0,0,0,0
2025-09-21,0,0,2025-09-21,70,37,53.5,-4.8,11,0,0,0,0
2025-09-22,0,0,2025-09-22,74,52,63,5.1,2,0,0,0,0
2025-09-23,0.41,M,2025-09-23,77,59,68,10.5,0,3,0.3,0,0
2025-09-24,0.18,M,2025-09-24,70,58,64,6.9,1,0,0.08,0,0
2025-09-25,0.16,M,2025-09-25,73,59,66,9.3,0,1,0.21,0,0
2025-09-26,0.16,M,2025-09-26,71,59,65,8.7,0,0,0.13,0,0
2025-09-27,T,M,2025-09-27,74,49,61.5,5.5,3,0,0,0,0
2025-09-28,0,0,2025-09-28,76,49,62.5,6.9,2,0,0,0,0
2025-09-29,0,0,2025-09-29,80,42,61,5.8,4,0,0,0,0
2025-09-30,0,0,2025-09-30,75,42,58.5,3.7,6,0,0,0,0
2025-10-01,0,0,2025-10-01,75,33,54,-0.4,11,0,0,0,0
2025-10-02,0,0,2025-10-02,65,32,48.5,-5.5,16,0,0,0,0
2025-10-03,0,0,2025-10-03,68,33,50.5,-3.1,14,0,0,0,0
2025-10-04,0,0,2025-10-04,77,44,60.5,7.3,4,0,0,0,0
2025-10-05,0,0,2025-10-05,81,44,62.5,9.7,2,0,0,0,0
2025-10-06,0,0,2025-10-06,81,48,64.5,12,0,0,0,0,0
2025-10-07,0,0,2025-10-07,83,55,69,16.9,0,4,0,0,0
2025-10-08,1.01,M,2025-10-08,70,51,60.5,8.8,4,0,1.03,0,0
2025-10-09,0.01,M,2025-10-09,62,32,47,-4.4,18,0,0,0,0
2025-10-10,0,0,2025-10-10,52,26,39,-12,26,0,0,0,0
2025-10-11,0,0,2025-10-11,61,31,46,-4.6,19,0,0,0,0
2025-10-12,0.58,M,2025-10-12,61,44,52.5,2.2,12,0,0.4,0,0
2025-10-13,0.05,M,2025-10-13,66,45,55.5,5.6,9,0,0.04,0,0
2025-10-14,0.32,M,2025-10-14,54,48,51,1.4,14,0,0.32,0,0
2025-10-15,0,0,2025-10-15,57,40,48.5,-0.7,16,0,0.01,0,0
2025-10-16,0,0,2025-10-16,54,27,40.5,-8.4,24,0,0,0,0
2025-10-17,0,0,2025-10-17,52,27,39.5,-9,25,0,0,0,0
2025-10-18,0,0,2025-10-18,56,28,42,-6.2,23,0,T,0,0
2025-10-19,T,M,2025-10-19,65,43,54,6.2,11,0,0,0,0
2025-10-20,0.34,M,2025-10-20,74,52,63,15.5,2,0,0.42,0,0
2025-10-21,0.42,M,2025-10-21,53,37,45,-2.2,20,0,0.23,0,0
2025-10-22,0,0,2025-10-22,61,39,50,3.2,15,0,0.01,0,0
2025-10-23,0,0,2025-10-23,54,43,48.5,2,16,0,0,0,0
2025-10-24,0.02,M,2025-10-24,51,36,43.5,-2.6,21,0,0.01,0,0
2025-10-25,0.11,M,2025-10-25,53,36,44.5,-1.3,20,0,0.13,0,0
2025-10-26,0.08,M,2025-10-26,51,34,42.5,-3,22,0,0.06,0,0
2025-10-27,0,0,2025-10-27,51,22,36.5,-8.6,28,0,0,0,0
2025-10-28,0,0,2025-10-28,49,22,35.5,-9.3,29,0,0,0,0
2025-10-29,0,0,2025-10-29,54,23,38.5,-6,26,0,0,0,0
2025-10-30,0.35,M,2025-10-30,53,25,39,-5.1,26,0,0.35,0,0
2025-10-31,1.3,M,2025-10-31,54,41,47.5,3.7,17,0,1.48,0,0
2025-11-01,0.12,M,2025-11-01,45,37,41,-2.5,24,0,0.11,0,0
2025-11-02,0,0,2025-11-02,47,32,39.5,-3.6,25,0,0,0,0
2025-11-03,0,0,2025-11-03,56,31,43.5,0.7,21,0,0,0,0
2025-11-04,0.1,M,2025-11-04,59,36,47.5,5,17,0,0.11,0,0
2025-11-05,0,0,2025-11-05,56,31,43.5,1.4,21,0,0,0,0
2025-11-06,0.28,M,2025-11-06,58,38,48,6.2,17,0,0.25,0,0
2025-11-07,T,M,2025-11-07,42,29,35.5,-6,29,0,0,0,0
2025-11-08,0.01,M,2025-11-08,55,31,43,1.9,22,0,0.02,0,0
2025-11-09,0.07,M,2025-11-09,50,36,43,2.2,22,0,0.06,0,0
2025-11-10,0.11,M,2025-11-10,43,29,36,-4.5,29,0,0.14,0.1,T
2025-11-11,0.04,M,2025-11-11,30,24,27,-13.1,38,0,0.03,0.3,T
2025-11-12,0.03,M,2025-11-12,35,25,30,-9.8,35,0,0.01,0.2,T
2025-11-13,0.02,M,2025-11-13,41,31,36,-3.4,29,0,T,0,0
2025-11-14,0.2,M,2025-11-14,44,32,38,-1.1,27,0,0.12,T,T
2025-11-15,0.01,M,2025-11-15,45,29,37,-1.8,28,0,0,0,0
2025-11-16,0.73,M,2025-11-16,52,29,40.5,2.1,24,0,0.61,0,0
2025-11-17,0.2,M,2025-11-17,46,30,38,-0.1,27,0,0.16,0.1,T
2025-11-18,T,M,2025-11-18,36,31,33.5,-4.2,31,0,T,0,0
2025-11-19,0,0,2025-11-19,41,18,29.5,-7.9,35,0,0,0,0
2025-11-20,0,0,2025-11-20,43,21,32,-5.1,33,0,0,0,0
2025-11-21,0,0,2025-11-21,47,24,35.5,-1.2,29,0,0,0,0
2025-11-22,M,M,2025-11-22,49,37,43,6.6,22,0,0,0,0
2025-11-23,0,0,2025-11-23,44,23,33.5,-2.6,31,0,0,0,0
2025-11-24,M,M,2025-11-24,42,31,36.5,0.8,28,0,0.01,T,0
2025-11-25,0,0,2025-11-25,47,33,40,4.6,25,0,0,0,0
2025-11-26,0.32,M,2025-11-26,49,43,46,10.9,19,0,0.3,0,0
2025-11-27,0.07,M,2025-11-27,59,33,46,11.3,19,0,0.07,0,0
2025-11-28,0.11,M,2025-11-28,37,27,32,-2.4,33,0,0.05,2,2
2025-11-29,T,M,2025-11-29,33,26,29.5,-4.6,35,0,0.01,0,1
2025-11-30,0,0,2025-11-30,34,26,30,-3.8,35,0,0,0,T
2025-12-01,0.02,M,2025-12-01,37,26,31.5,-2,33,0,0.03,0.2,T
2025-12-02,0.1,M,2025-12-02,28,16,22,-11.1,43,0,0.15,2.3,2
2025-12-03,0.21,M,2025-12-03,30,13,21.5,-11.3,43,0,0.15,1.8,4
2025-12-04,T,M,2025-12-04,35,15,25,-7.5,40,0,T,T,3
2025-12-05,0.04,M,2025-12-05,30,1,15.5,-16.7,49,0,0.01,0.2,3
2025-12-06,0,0,2025-12-06,24,-2,11,-20.9,54,0,0,0,3
2025-12-07,T,M,2025-12-07,34,22,28,-3.6,37,0,0,0,3
2025-12-08,0.06,M,2025-12-08,33,16,24.5,-6.8,40,0,0.05,1,4
2025-12-09,0,0,2025-12-09,19,-3,8,-23,57,0,0,0,3
2025-12-10,T,M,2025-12-10,29,-3,13,-17.7,52,0,0,0,3
2025-12-11,0.07,M,2025-12-11,37,18,27.5,-2.9,37,0,0.09,0.3,3
2025-12-12,T,M,2025-12-12,23,11,17,-13.1,48,0,0,0,3
2025-12-13,T,M,2025-12-13,30,9,19.5,-10.3,45,0,T,T,3
2025-12-14,0.19,M,2025-12-14,33,16,24.5,-5.1,40,0,0.12,2,5
2025-12-15,0.15,M,2025-12-15,18,13,15.5,-13.8,49,0,0.13,2.4,7
2025-12-16,T,M,2025-12-16,24,17,20.5,-8.5,44,0,0,0,5
2025-12-17,0,0,2025-12-17,34,18,26,-2.7,39,0,0,0,4
2025-12-18,0,0,2025-12-18,46,27,36.5,8.1,28,0,0,0,2
2025-12-19,0.03,M,2025-12-19,54,34,44,15.8,21,0,0.25,0,0
2025-12-20,0.58,M,2025-12-20,51,24,37.5,9.6,27,0,0.1,0,0
2025-12-21,0,0,2025-12-21,35,24,29.5,1.9,35,0,0,0,0
2025-12-22,T,M,2025-12-22,36,20,28,0.6,37,0,T,T,T
2025-12-23,0.2,M,2025-12-23,37,20,28.5,1.4,36,0,0.1,1.4,1
2025-12-24,M,M,2025-12-24,40,30,35,8.1,30,0,0.14,1.5,2
2025-12-25,0,0,2025-12-25,36,22,29,2.4,36,0,0,0,2
2025-12-26,0,0,2025-12-26,38,10,24,-2.3,41,0,0,0,2
2025-12-27,0.59,M,2025-12-27,25,8,16.5,-9.6,48,0,0.57,2.5,5
2025-12-28,0,0,2025-12-28,24,19,21.5,-4.4,43,0,0,0,4
2025-12-29,0.3,M,2025-12-29,36,19,27.5,1.9,37,0,0.36,0,3
2025-12-30,0.06,M,2025-12-30,45,18,31.5,6.1,33,0,0.06,1,4
2025-12-31,0,0,2025-12-31,23,19,21,-4.2,44,0,T,T,4